OrderID,CustomerID,ProductID,OrderDate,Quantity
16661,198,10,2024/24/11,10
16662,130,25,11/20/2024,4
16663,31,21,11/28/2024,4
16664,192,6,11/24/2024,10
16665,135,20,11/14/2024,8
16666,289,2,2024/16/11,7
16667,90,13,11/18/2024,1
16668,40,11,11/8/2024,6
16669,68,14,11/17/2024,4
16670,170,18,11/1/2024,2
16671,152,1,11/4/2024,8
16672,198,7,11/4/2024,2
16673,69,23,11/22/2024,7
16674,29,1,11/18/2024,3
16675,7,6,11/6/2024,9
16676,55,6,11/18/2024,5
16677,166,18,11/15/2024,8
16678,118,16,11/4/2024,9
16679,64,14,11/3/2024,3
16680,249,25,11/11/2024,5
16681,257,3,11/7/2024,2
16682,42,19,11/24/2024,2
16683,146,25,11/2/2024,1
16684,145,15,11/23/2024,1
16685,265,4,11/9/2024,1
16686,194,17,25-11-2024,7
16687,68,6,11/21/2024,6
16688,50,10,11/23/2024,4
16689,169,12,11/5/2024,9
16690,109,5,11/11/2024,7
16691,250,7,11/4/2024,4
16692,132,16,11/15/2024,5
16693,46,21,11/26/2024,5
16694,18,18,11/5/2024,6
16695,151,24,11/16/2024,5
16696,43,25,11/16/2024,9
16697,152,4,11/27/2024,8
16698,23,9,11/22/2024,8
16699,98,9,11/3/2024,5
16700,248,,11/2/2024,9
16701,7,15,11/10/2024,6
16702,189,23,11/11/2024,4
16703,81,10,28-11-2024,10
16704,176,11,11/28/2024,7
16705,235,14,11/14/2024,3
16706,175,19,11/9/2024,1
16707,74,17,11/13/2024,4
16708,51,25,11/24/2024,3
16709,247,22,11/10/2024,1
16710,97,20,11/18/2024,10
16711,4,19,11/3/2024,1
16712,108,3,11/24/2024,5
16713,5,10,11/21/2024,10
16714,65,17,2024/24/11,7
16715,234,7,26-11-2024,8
16716,114,18,11/11/2024,4
16717,179,7,11/3/2024,4
16718,190,8,11/3/2024,3
16719,109,20,11/19/2024,7
16720,144,12,11/4/2024,2
16721,220,15,11/11/2024,10
16722,8,15,11/20/2024,10
16723,252,20,28-11-2024,2
16724,119,24,11/25/2024,10
16725,16,9,11/13/2024,4
16726,170,22,11/8/2024,6
16727,75,8,11/11/2024,8
16728,253,2,11/9/2024,6
16729,105,6,11/27/2024,4
16730,212,10,11/21/2024,3
16731,197,20,11/19/2024,8
16732,121,18,2024/17/11,2
16733,122,11,11/20/2024,6
16734,245,8,11/1/2024,9
16735,49,16,11/28/2024,4
16736,79,16,11/14/2024,9
16737,118,22,11/15/2024,10
16738,251,5,11/21/2024,4
16739,149,13,11/1/2024,7
16740,11,13,11/8/2024,4
16741,220,3,11/3/2024,2
16742,159,17,11/16/2024,5
16743,187,20,2024/22/11,5
16744,50,,11/24/2024,4
16745,42,25,11/11/2024,5
16746,101,19,11/10/2024,9
16747,156,1,11/18/2024,1
16748,282,16,11/24/2024,2
16749,42,4,11/8/2024,4
16750,67,15,11/24/2024,8
16751,126,23,11/6/2024,6
16752,215,25,11/11/2024,10
16753,108,1,11/2/2024,5
16754,145,13,11/19/2024,8
16755,193,2,11/4/2024,10
16756,276,16,11/20/2024,6
16757,134,14,11/21/2024,8
16758,21,6,11/12/2024,3
16759,227,6,11/21/2024,5
16760,153,6,11/24/2024,8
16761,183,13,11/4/2024,7
16762,43,,11/11/2024,8
16763,188,24,11/12/2024,2
16764,213,5,2024/21/11,8
16765,81,22,11/5/2024,6
16766,246,13,11/14/2024,8
16767,205,3,11/23/2024,10
16768,138,3,11/15/2024,7
16769,134,25,11/9/2024,9
16770,173,12,11/10/2024,3
16771,27,21,11/17/2024,8
16772,199,7,28-11-2024,1
16773,241,,11/7/2024,9
16774,156,19,12/11/2024,5
16775,237,3,11/20/2024,3
16776,170,20,11/7/2024,8
16777,206,15,11/28/2024,1
16778,98,16,11/1/2024,8
16779,276,22,11/13/2024,1
16780,299,18,11/4/2024,1
16781,137,1,11/22/2024,1
16782,109,10,11/22/2024,2
16783,298,25,11/16/2024,2
16784,44,17,11/12/2024,3
16785,265,3,11/27/2024,10
16786,148,10,11/26/2024,9
16787,105,7,11/6/2024,1
16788,126,6,11/21/2024,3
16789,155,5,11/10/2024,9
16790,36,13,11/22/2024,
16791,296,11,11/9/2024,6
16792,37,2,11/17/2024,2
16793,131,8,11/17/2024,8
16794,164,14,11/22/2024,9
16795,277,10,11/20/2024,8
16796,128,20,2024/14/11,3
16797,100,5,11/18/2024,5
16798,203,17,11/11/2024,5
16799,45,11,11/24/2024,1
16800,85,16,11/3/2024,10
16801,90,17,11/12/2024,4
16802,138,6,11/12/2024,5
16803,220,24,11/18/2024,2
16804,161,6,11/13/2024,4
16805,216,11,11/5/2024,6
16806,52,8,11/2/2024,7
16807,161,17,11/11/2024,8
16808,180,13,11/2/2024,2
16809,228,5,11/17/2024,5
16810,252,10,11/27/2024,8
16811,66,21,11/2/2024,3
16812,246,15,11/14/2024,9
16813,219,11,11/6/2024,8
16814,256,20,11/23/2024,10
16815,298,4,11/8/2024,10
16816,263,13,4/11/2024,8
16817,257,15,14-11-2024,1
16818,239,19,11/10/2024,2
16819,199,5,11/11/2024,4
16820,153,20,11/20/2024,4
16821,197,18,11/22/2024,5
16822,201,14,11/18/2024,3
16823,286,22,11/14/2024,7
16824,224,18,26-11-2024,7
16825,177,9,11/13/2024,3
16826,181,8,11/8/2024,8
16827,23,16,11/12/2024,8
16828,281,22,11/24/2024,10
16829,291,11,11/26/2024,7
16830,131,10,11/20/2024,4
16831,188,15,11/1/2024,5
16832,205,4,11/4/2024,5
16833,19,8,11/21/2024,7
16834,250,9,11/9/2024,8
16835,214,22,11/21/2024,3
16836,299,16,11/16/2024,9
16837,300,4,11/19/2024,3
16838,116,13,11/8/2024,2
16839,288,16,11/11/2024,9
16840,54,18,11/17/2024,3
16841,183,3,11/19/2024,3
16842,31,21,11/20/2024,7
16843,145,12,11/22/2024,7
16844,282,6,11/15/2024,1
16845,73,12,11/9/2024,4
16846,132,23,11/18/2024,8
16847,262,6,11/25/2024,6
16848,1,3,11/13/2024,1
16849,298,4,11/1/2024,7
16850,157,4,17-11-2024,7
16851,100,16,11/9/2024,9
16852,146,16,11/6/2024,7
16853,175,5,11/2/2024,4
16854,257,19,11/17/2024,7
16855,39,5,11/7/2024,1
16856,21,20,26-11-2024,1
16857,300,8,11/11/2024,8
16858,119,14,11/20/2024,5
16859,209,16,11/7/2024,6
16860,281,7,11/22/2024,9
16861,30,6,11/15/2024,10
16862,297,25,11/6/2024,10
16863,240,25,11/10/2024,7
16864,184,2,11/11/2024,4
16865,217,12,11/15/2024,3
16866,117,6,11/23/2024,9
16867,96,4,11/2/2024,5
16868,215,22,11/24/2024,5
16869,217,23,11/18/2024,9
16870,259,4,11/1/2024,9
16871,19,8,11/9/2024,8
16872,215,14,11/20/2024,3
16873,86,20,11/17/2024,7
16874,211,18,11/3/2024,7
16875,157,2,11/9/2024,5
16876,16,25,11/26/2024,9
16877,145,21,11/6/2024,4
16878,207,9,2024/27/11,10
16879,133,25,11/7/2024,2
16880,21,22,11/6/2024,9
16881,180,9,11/1/2024,10
16882,65,4,11/22/2024,5
16883,60,2,11/7/2024,1
16884,176,7,11/20/2024,2
16885,171,15,11/18/2024,2
16886,110,11,11/23/2024,7
16887,35,25,11/12/2024,5
16888,138,9,11/15/2024,3
16889,68,12,11/5/2024,7
16890,281,16,11/1/2024,1
16891,22,25,11/28/2024,10
16892,146,7,11/7/2024,6
16893,185,7,11/5/2024,7
16894,110,20,11/17/2024,8
16895,174,13,11/26/2024,7
16896,41,15,11/6/2024,9
16897,167,22,2024/21/11,2
16898,247,23,11/17/2024,5
16899,41,7,11/25/2024,3
16900,149,19,11/22/2024,5
16901,175,19,11/25/2024,5
16902,218,25,11/2/2024,9
16903,181,13,11/14/2024,2
16904,292,3,4/11/2024,8
16905,299,4,11/14/2024,6
16906,22,25,11/26/2024,3
16907,197,20,11/11/2024,9
16908,2,17,11/12/2024,1
16909,134,23,11/21/2024,3
16910,132,23,11/1/2024,4
16911,166,5,11/3/2024,9
16912,246,22,2024/27/11,9
16913,52,12,11/27/2024,8
16914,266,14,11/25/2024,2
16915,61,10,11/28/2024,2
16916,50,15,11/9/2024,3
16917,26,4,11/9/2024,6
16918,59,15,11/3/2024,7
16919,3,15,11/9/2024,8
16920,7,7,11/25/2024,10
16921,60,25,2024/27/11,8
16922,25,3,11/25/2024,9
16923,136,20,11/15/2024,1
16924,78,12,11/25/2024,1
16925,207,1,11/14/2024,6
16926,31,22,11/15/2024,9
16927,292,16,11/12/2024,3
16928,9,5,11/19/2024,2
16929,26,2,11/15/2024,5
16930,4,7,11/24/2024,5
16931,249,21,8/11/2024,3
16932,275,23,11/17/2024,1
16933,149,13,11/16/2024,7
16934,61,25,11/28/2024,4
16935,266,21,11/20/2024,2
16936,117,16,11/12/2024,9
16937,258,8,11/8/2024,10
16938,205,5,11/15/2024,9
16939,227,4,11/11/2024,1
16940,99,1,11/16/2024,5
16941,224,14,11/22/2024,3
16942,21,8,11/12/2024,8
16943,168,11,11/20/2024,8
16944,73,13,11/18/2024,10
16945,282,4,11/10/2024,3
16946,259,8,11/4/2024,2
16947,63,2,11/27/2024,4
16948,28,16,11/2/2024,7
16949,166,21,18-11-2024,2
16950,241,15,11/1/2024,7
16951,183,22,11/17/2024,9
16952,69,19,11/13/2024,5
16953,155,19,11/22/2024,7
16954,130,1,11/16/2024,6
16955,34,6,11/21/2024,1
16956,118,8,11/25/2024,4
16957,241,22,11/25/2024,2
16958,268,4,11/6/2024,1
16959,259,24,11/19/2024,
16960,37,14,11/1/2024,1
16961,241,9,11/4/2024,4
16962,10,13,11/11/2024,8
16963,288,3,11/4/2024,
16964,278,4,11/6/2024,6
16965,138,5,11/13/2024,10
16966,270,24,11/13/2024,2
16967,117,22,11/18/2024,5
16968,159,14,11/6/2024,2
16969,259,19,11/8/2024,6
16970,168,19,11/5/2024,2
16971,51,14,11/15/2024,1
16972,210,10,11/19/2024,10
16973,29,12,11/17/2024,10
16974,99,23,11/12/2024,3
16975,295,16,7/11/2024,6
16976,130,6,11/20/2024,4
16977,81,16,11/23/2024,5
16978,134,17,11/24/2024,6
16979,154,13,11/17/2024,7
16980,78,14,11/9/2024,
16981,105,5,2024/20/11,5
16982,259,21,11/9/2024,7
16983,17,14,11/10/2024,10
16984,201,4,15-11-2024,2
16985,25,12,11/8/2024,5
16986,227,22,11/6/2024,5
16987,114,4,11/12/2024,8
16988,157,17,2024/16/11,8
16989,194,11,11/18/2024,6
16990,249,24,11/20/2024,2
16991,211,9,11/3/2024,10
16992,154,3,11/10/2024,5
16993,34,5,11/14/2024,2
16994,19,3,2024/17/11,8
16995,53,20,11/3/2024,4
16996,253,14,11/5/2024,3
16997,264,8,11/25/2024,1
16998,222,5,11/22/2024,1
16999,285,25,11/7/2024,2
17000,237,8,11/7/2024,2
17001,175,2,11/9/2024,4
17002,295,1,11/12/2024,2
17003,222,4,11/7/2024,3
17004,255,18,11/2/2024,7
17005,105,3,11/2/2024,7
17006,39,16,11/2/2024,2
17007,2,16,11/18/2024,10
17008,126,7,26-11-2024,4
17009,147,7,11/4/2024,6
17010,120,4,11/9/2024,1
17011,155,14,11/20/2024,10
17012,8,4,11/25/2024,7
17013,139,23,11/8/2024,9
17014,42,16,11/16/2024,5
17015,166,15,11/10/2024,4
17016,246,25,11/22/2024,6
17017,215,13,11/28/2024,8
17018,1,13,11/13/2024,4
17019,207,21,11/3/2024,5
17020,262,19,11/20/2024,10
17021,235,1,11/22/2024,4
17022,62,25,11/27/2024,10
17023,44,7,11/24/2024,3
17024,122,13,11/23/2024,2
17025,151,22,22-11-2024,6
17026,144,24,2024/16/11,2
17027,10,4,11/2/2024,4
17028,133,24,11/25/2024,4
17029,46,11,11/8/2024,7
17030,161,20,11/18/2024,1
17031,220,,11/16/2024,7
17032,145,18,11/21/2024,3
17033,250,1,22-11-2024,5
17034,273,9,11/21/2024,9
17035,208,7,11/13/2024,6
17036,226,8,11/23/2024,6
17037,87,18,11/27/2024,9
17038,114,18,11/12/2024,7
17039,87,15,16-11-2024,3
17040,282,2,11/5/2024,1
17041,101,11,11/9/2024,4
17042,154,19,11/10/2024,5
17043,260,15,11/11/2024,3
17044,277,14,11/11/2024,1
17045,284,1,11/28/2024,7
17046,279,8,11/3/2024,2
17047,261,6,11/25/2024,8
17048,107,12,11/20/2024,2
17049,259,20,11/4/2024,1
17050,260,17,11/13/2024,2
17051,65,2,11/2/2024,9
17052,11,3,11/6/2024,6
17053,178,23,11/15/2024,8
17054,81,21,11/20/2024,8
17055,121,12,11/16/2024,2
17056,293,4,11/22/2024,5
17057,120,25,11/5/2024,3
17058,155,13,11/24/2024,
17059,198,3,11/2/2024,5
17060,52,24,2024/13/11,7
17061,140,12,11/1/2024,6
17062,138,6,11/11/2024,10
17063,155,12,28-11-2024,6
17064,271,16,11/10/2024,8
17065,142,20,11/20/2024,1
17066,9,15,11/23/2024,8
17067,188,20,11/18/2024,10
17068,14,2,11/23/2024,9
17069,167,5,2024/21/11,1
17070,269,16,11/17/2024,10
17071,26,6,11/2/2024,2
17072,124,20,13-11-2024,3
17073,24,23,11/10/2024,1
17074,105,23,2024/18/11,3
17075,140,22,11/16/2024,10
17076,88,16,11/2/2024,8
17077,242,21,11/17/2024,5
17078,61,9,11/25/2024,9
17079,135,5,11/2/2024,3
17080,37,8,11/18/2024,5
17081,300,1,11/24/2024,5
17082,233,15,11/15/2024,7
17083,239,8,11/15/2024,6
17084,282,9,11/6/2024,1
17085,16,21,11/9/2024,3
17086,38,23,11/27/2024,5
17087,90,3,11/14/2024,9
17088,225,7,11/16/2024,3
17089,61,22,11/28/2024,7
17090,85,13,11/15/2024,9
17091,124,4,11/21/2024,7
17092,275,16,11/21/2024,7
17093,190,25,11/11/2024,7
17094,219,11,19-11-2024,2
17095,83,24,11/20/2024,4
17096,164,2,11/14/2024,5
17097,254,22,11/5/2024,7
17098,56,8,11/4/2024,5
17099,2,18,11/27/2024,1
17100,178,17,11/9/2024,8
17101,263,14,10/11/2024,9
17102,210,10,11/17/2024,6
17103,44,5,11/15/2024,7
17104,69,6,11/13/2024,10
17105,132,20,11/24/2024,2
17106,96,20,11/16/2024,10
17107,55,22,11/18/2024,2
17108,57,9,11/17/2024,5
17109,116,21,11/8/2024,3
17110,20,14,11/23/2024,5
17111,148,9,11/27/2024,5
17112,248,21,6/11/2024,5
17113,37,5,11/20/2024,8
17114,221,3,11/15/2024,1
17115,280,3,11/23/2024,6
17116,136,21,11/20/2024,4
17117,229,5,11/5/2024,3
17118,274,12,11/13/2024,10
17119,137,11,11/26/2024,7
17120,292,22,11/13/2024,1
17121,29,5,11/28/2024,7
17122,15,15,11/26/2024,2
17123,4,10,11/1/2024,1
17124,186,24,11/26/2024,7
17125,150,23,11/19/2024,1
17126,115,24,11/7/2024,9
17127,241,7,11/6/2024,8
17128,196,14,11/16/2024,6
17129,236,20,11/5/2024,3
17130,77,11,10/11/2024,9
17131,27,15,11/11/2024,1
17132,4,3,21-11-2024,9
17133,254,25,11/26/2024,10
17134,45,6,11/24/2024,1
17135,107,,11/16/2024,9
17136,33,21,11/15/2024,
17137,281,13,11/20/2024,7
17138,296,12,11/18/2024,5
17139,105,2,11/3/2024,5
17140,136,11,11/16/2024,9
17141,45,25,11/13/2024,5
17142,103,19,11/12/2024,6
17143,66,19,11/5/2024,6
17144,18,2,11/23/2024,7
17145,11,13,11/6/2024,7
17146,280,2,11/14/2024,4
17147,28,1,11/14/2024,2
17148,276,25,11/13/2024,7
17149,6,10,11/13/2024,4
17150,145,15,11/24/2024,4
17151,187,5,11/17/2024,5
17152,193,16,11/2/2024,2
17153,251,17,11/19/2024,6
17154,255,7,11/17/2024,9
17155,100,5,11/20/2024,9
17156,151,10,11/6/2024,1
17157,180,10,11/4/2024,6
17158,241,7,11/11/2024,6
17159,162,17,11/19/2024,3
17160,7,16,11/26/2024,3
17161,291,5,11/4/2024,3
17162,99,12,7/11/2024,5
17163,191,4,11/7/2024,2
17164,267,20,11/6/2024,9
17165,226,11,11/7/2024,4
17166,68,19,11/11/2024,4
17167,56,1,11/9/2024,3
17168,129,15,11/17/2024,6
17169,284,21,11/5/2024,6
17170,187,19,11/28/2024,9
17171,107,23,2024/21/11,9
17172,264,1,11/2/2024,9
17173,24,19,11/18/2024,7
17174,5,14,11/11/2024,4
17175,156,23,11/5/2024,3
17176,183,13,11/15/2024,3
17177,150,10,22-11-2024,8
17178,73,1,11/6/2024,3
17179,213,2,11/28/2024,1
17180,119,14,11/26/2024,9
17181,162,1,11/23/2024,5
17182,254,13,11/8/2024,6
17183,104,13,11/3/2024,4
17184,107,15,11/15/2024,5
17185,257,23,11/5/2024,2
17186,47,4,11/17/2024,5
17187,214,15,11/25/2024,4
17188,78,17,11/7/2024,6
17189,129,23,11/5/2024,2
17190,109,2,11/20/2024,10
17191,116,7,11/6/2024,7
17192,184,23,11/6/2024,6
17193,128,9,11/14/2024,6
17194,127,17,11/5/2024,7
17195,79,6,11/2/2024,10
17196,191,11,11/18/2024,9
17197,69,23,11/22/2024,8
17198,27,17,11/25/2024,10
17199,72,13,11/3/2024,9
17200,238,21,11/14/2024,10
17201,164,19,2024/27/11,9
17202,124,7,11/25/2024,7
17203,246,8,11/18/2024,7
17204,100,16,11/2/2024,6
17205,150,6,11/18/2024,3
17206,53,5,11/20/2024,3
17207,70,12,3/11/2024,2
17208,120,2,11/16/2024,1
17209,162,5,11/26/2024,1
17210,240,15,11/17/2024,9
17211,185,5,11/6/2024,9
17212,23,24,1/11/2024,4
17213,18,10,11/21/2024,10
17214,250,15,11/6/2024,3
17215,195,12,11/27/2024,2
17216,101,15,11/16/2024,10
17217,26,15,2024/18/11,9
17218,76,7,11/4/2024,10
17219,201,3,11/17/2024,4
17220,268,20,11/5/2024,1
17221,60,23,11/5/2024,4
17222,21,24,11/18/2024,5
17223,208,3,7/11/2024,6
17224,218,7,11/25/2024,3
17225,3,12,3/11/2024,3
17226,241,24,11/9/2024,3
17227,103,5,11/23/2024,8
17228,208,22,11/24/2024,3
17229,269,16,11/20/2024,6
17230,43,9,11/24/2024,7
17231,219,7,12/11/2024,1
17232,220,20,11/4/2024,4
17233,146,3,11/3/2024,7
17234,168,19,11/19/2024,9
17235,135,17,1/11/2024,8
17236,281,21,11/27/2024,4
17237,233,20,11/21/2024,4
17238,276,25,11/2/2024,6
17239,205,22,11/18/2024,7
17240,83,19,11/18/2024,1
17241,153,16,11/9/2024,4
17242,29,14,2024/24/11,5
17243,294,2,11/22/2024,4
17244,232,21,11/7/2024,1
17245,80,13,11/21/2024,5
17246,148,11,11/9/2024,3
17247,291,6,11/9/2024,3
17248,244,21,11/15/2024,1
17249,242,22,11/13/2024,7
17250,249,22,11/22/2024,2
17251,290,1,11/27/2024,4
17252,139,9,11/25/2024,6
17253,116,19,11/11/2024,6
17254,260,17,11/4/2024,5
17255,128,19,11/10/2024,5
17256,58,3,11/13/2024,1
17257,16,21,11/24/2024,10
17258,136,7,11/2/2024,3
17259,70,9,11/12/2024,8
17260,51,16,11/11/2024,5
17261,288,2,17-11-2024,9
17262,211,14,11/28/2024,2
17263,287,25,11/17/2024,3
17264,299,12,11/23/2024,9
17265,115,4,11/6/2024,10
17266,299,9,11/27/2024,7
17267,253,13,6/11/2024,6
17268,16,5,11/26/2024,10
17269,103,17,11/20/2024,6
17270,65,22,11/16/2024,8
17271,292,14,11/10/2024,1
17272,243,25,11/24/2024,4
17273,113,19,2024/23/11,6
17274,86,16,11/25/2024,5
17275,120,19,11/11/2024,8
17276,272,1,11/12/2024,3
17277,99,21,11/25/2024,3
17278,52,18,11/15/2024,1
17279,241,25,11/12/2024,7
17280,43,21,11/22/2024,10
17281,87,24,11/7/2024,10
17282,269,13,11/18/2024,8
17283,2,4,11/2/2024,4
17284,210,5,11/25/2024,6
17285,210,3,11/9/2024,1
17286,173,17,11/4/2024,1
17287,257,11,11/17/2024,9
17288,57,3,11/12/2024,1
17289,30,13,11/14/2024,6
17290,269,15,11/12/2024,8
17291,124,1,11/2/2024,10
17292,80,6,2024/26/11,8
17293,81,13,2024/17/11,1
17294,51,18,11/7/2024,2
17295,224,7,11/18/2024,2
17296,115,3,11/12/2024,7
17297,242,6,11/10/2024,6
17298,292,14,11/22/2024,9
17299,92,6,11/26/2024,3
17300,255,24,11/13/2024,10
17301,103,9,11/1/2024,10
17302,267,8,11/10/2024,7
17303,47,21,11/18/2024,9
17304,229,17,11/17/2024,5
17305,206,7,11/27/2024,10
17306,27,24,11/16/2024,10
17307,16,16,11/5/2024,3
17308,275,17,11/10/2024,4
17309,126,15,11/5/2024,9
17310,169,14,10/11/2024,2
17311,37,11,11/17/2024,10
17312,242,12,11/20/2024,4
17313,238,23,11/15/2024,5
17314,192,25,11/11/2024,4
17315,70,8,11/20/2024,8
17316,260,19,11/20/2024,5
17317,49,15,4/11/2024,6
17318,93,25,11/5/2024,3
17319,292,15,11/8/2024,6
17320,127,23,11/19/2024,9
17321,265,25,11/22/2024,4
17322,29,7,11/8/2024,9
17323,97,23,11/14/2024,6
17324,255,10,6/11/2024,8
17325,128,8,11/20/2024,2
17326,211,10,11/7/2024,2
17327,66,19,11/27/2024,4
17328,271,19,11/10/2024,5
17329,255,8,11/26/2024,3
17330,78,11,11/9/2024,2
17331,195,7,11/1/2024,4
17332,218,1,11/12/2024,6
17333,235,8,11/14/2024,7
17334,88,16,11/18/2024,5
17335,256,23,11/5/2024,7
17336,152,7,11/18/2024,3
17337,160,20,11/27/2024,3
17338,265,7,11/26/2024,9
17339,76,16,11/24/2024,10
17340,47,7,11/3/2024,2
17341,170,23,11/13/2024,6
17342,143,13,8/11/2024,4
17343,186,24,11/6/2024,8
17344,275,15,11/8/2024,10
17345,94,4,11/26/2024,5
17346,65,12,11/11/2024,7
17347,84,2,11/21/2024,9
17348,253,7,11/6/2024,10
17349,106,3,2024/28/11,5
17350,218,12,11/23/2024,9
17351,174,19,11/4/2024,9
17352,295,17,11/24/2024,6
17353,136,19,11/2/2024,4
17354,41,20,11/9/2024,7
17355,261,6,11/26/2024,3
17356,291,25,11/28/2024,10
17357,150,4,11/26/2024,5
17358,244,24,11/19/2024,9
17359,243,14,11/4/2024,2
17360,91,4,11/1/2024,5
17361,289,23,11/9/2024,6
17362,287,15,11/17/2024,6
17363,264,21,11/5/2024,3
17364,78,2,11/17/2024,4
17365,84,10,11/25/2024,3
17366,35,4,11/25/2024,7
17367,24,19,11/2/2024,6
17368,145,21,11/8/2024,4
17369,188,21,11/3/2024,6
17370,31,1,11/9/2024,9
17371,153,2,11/5/2024,8
17372,208,12,11/21/2024,2
17373,190,3,11/8/2024,10
17374,79,11,11/8/2024,3
17375,97,7,11/26/2024,1
17376,137,4,11/7/2024,3
17377,10,7,27-11-2024,7
17378,190,11,3/11/2024,8
17379,244,24,11/3/2024,7
17380,111,3,11/20/2024,8
17381,31,21,2/11/2024,6
17382,181,6,11/7/2024,10
17383,221,11,11/22/2024,2
17384,218,22,11/14/2024,10
17385,89,10,11/22/2024,1
17386,275,8,11/5/2024,7
17387,65,12,11/17/2024,2
17388,19,21,11/5/2024,10
17389,38,18,11/14/2024,8
17390,56,4,11/10/2024,10
17391,284,24,11/18/2024,4
17392,247,5,11/22/2024,
17393,150,1,11/27/2024,6
17394,193,10,11/16/2024,3
17395,156,1,11/16/2024,8
17396,209,18,11/28/2024,8
17397,116,20,11/26/2024,5
17398,152,5,11/16/2024,2
17399,63,7,11/15/2024,2
17400,160,10,11/15/2024,9
17401,77,22,11/18/2024,6
17402,115,16,11/25/2024,2
17403,139,17,11/4/2024,1
17404,229,13,11/11/2024,6
17405,181,25,11/11/2024,7
17406,40,17,11/1/2024,8
17407,120,24,11/16/2024,8
17408,108,2,11/4/2024,4
17409,63,12,11/4/2024,10
17410,171,17,11/12/2024,8
17411,155,11,11/16/2024,3
17412,281,2,11/5/2024,2
17413,50,24,11/19/2024,7
17414,272,24,2024/21/11,6
17415,15,1,11/10/2024,8
17416,71,16,11/1/2024,6
17417,179,,11/3/2024,6
17418,200,9,11/15/2024,3
17419,170,24,2024/24/11,1
17420,221,6,11/6/2024,2
17421,107,12,11/23/2024,10
17422,19,18,11/13/2024,4
17423,209,5,14-11-2024,9
17424,259,21,11/23/2024,1
17425,215,5,11/11/2024,3
17426,84,14,11/22/2024,6
17427,235,11,11/10/2024,1
17428,49,20,11/8/2024,2
17429,163,19,11/20/2024,7
17430,165,13,11/26/2024,7
17431,172,1,11/15/2024,8
17432,187,1,11/11/2024,7
17433,15,1,11/25/2024,5
17434,300,3,9/11/2024,8
17435,188,16,10/11/2024,8
17436,141,16,11/15/2024,3
17437,233,21,11/15/2024,5
17438,140,14,11/11/2024,1
17439,250,12,11/19/2024,2
17440,176,2,11/2/2024,4
17441,57,15,11/21/2024,
17442,152,16,11/28/2024,6
17443,60,13,11/24/2024,8
17444,111,1,11/14/2024,7
17445,249,16,11/14/2024,1
17446,203,22,11/15/2024,10
17447,233,6,25-11-2024,10
17448,269,10,11/24/2024,6
17449,76,24,11/10/2024,1
17450,197,16,11/1/2024,1
17451,277,17,11/24/2024,3
17452,199,9,11/11/2024,5
17453,298,13,11/7/2024,7
17454,247,21,11/25/2024,5
17455,49,5,11/13/2024,10
17456,248,7,11/10/2024,3
17457,17,25,11/20/2024,2
17458,215,19,19-11-2024,4
17459,243,8,11/17/2024,10
17460,83,6,11/18/2024,8
17461,86,13,19-11-2024,2
17462,181,23,11/19/2024,3
17463,151,8,11/23/2024,8
17464,123,23,11/21/2024,2
17465,290,16,11/9/2024,7
17466,2,7,11/9/2024,8
17467,216,4,11/11/2024,2
17468,274,20,11/19/2024,5
17469,132,13,11/8/2024,1
17470,91,20,11/8/2024,5
17471,205,8,11/22/2024,9
17472,35,1,11/21/2024,1
17473,196,19,11/12/2024,5
17474,126,15,11/25/2024,2
17475,91,10,11/23/2024,5
17476,189,15,11/5/2024,2
17477,39,2,11/7/2024,9
17478,213,13,11/1/2024,2
17479,93,12,11/13/2024,9
17480,26,3,11/27/2024,4
17481,28,23,11/17/2024,2
17482,107,19,11/18/2024,8
17483,191,16,11/19/2024,7
17484,226,4,2/11/2024,9
17485,291,6,11/3/2024,8
17486,284,9,11/16/2024,2
17487,252,7,11/13/2024,9
17488,209,25,11/27/2024,2
17489,56,19,9/11/2024,3
17490,48,6,11/4/2024,6
17491,223,22,11/26/2024,10
17492,222,6,11/25/2024,9
17493,236,15,11/24/2024,3
17494,107,14,11/17/2024,10
17495,85,19,11/7/2024,3
17496,277,18,11/28/2024,10
17497,287,12,11/4/2024,9
17498,291,14,11/18/2024,3
17499,281,2,11/28/2024,5
17500,155,5,11/24/2024,2
17501,300,11,11/23/2024,2
17502,12,5,11/9/2024,3
17503,256,6,11/12/2024,9
17504,138,3,11/14/2024,1
17505,279,24,2/11/2024,9
17506,247,20,11/3/2024,7
17507,150,10,11/9/2024,6
17508,1,20,11/23/2024,3
17509,273,25,1/11/2024,4
17510,197,21,11/8/2024,1
17511,109,12,11/25/2024,10
17512,204,18,11/23/2024,5
17513,253,5,11/5/2024,7
17514,94,21,11/20/2024,6
17515,164,2,11/23/2024,9
17516,229,13,11/9/2024,1
17517,289,3,11/11/2024,10
17518,173,21,11/17/2024,9
17519,164,12,11/1/2024,6
17520,278,24,11/8/2024,1
17521,161,6,11/12/2024,5
17522,136,2,11/10/2024,2
17523,156,22,11/26/2024,4
17524,178,25,11/20/2024,3
17525,127,25,11/26/2024,4
17526,29,1,11/28/2024,2
17527,203,17,11/26/2024,9
17528,264,18,6/11/2024,9
17529,71,14,11/24/2024,9
17530,58,8,11/28/2024,1
17531,251,11,11/12/2024,7
17532,275,,11/17/2024,3
17533,175,14,11/10/2024,1
17534,53,6,11/24/2024,9
17535,105,18,11/13/2024,3
17536,93,11,11/21/2024,4
17537,141,19,11/9/2024,1
17538,278,7,11/11/2024,6
17539,9,15,11/19/2024,2
17540,199,6,11/2/2024,4
17541,20,16,11/12/2024,6
17542,252,22,11/16/2024,10
17543,172,5,11/3/2024,1
17544,194,17,11/9/2024,6
17545,190,24,11/8/2024,2
17546,138,4,11/28/2024,8
17547,206,14,11/1/2024,2
17548,111,23,10/11/2024,9
17549,45,6,11/15/2024,9
17550,269,24,11/8/2024,2
17551,240,15,11/4/2024,2
17552,16,12,11/16/2024,10
17553,41,22,11/21/2024,3
17554,90,7,11/23/2024,6
17555,80,23,11/15/2024,4
17556,263,15,11/26/2024,7
17557,228,11,11/16/2024,6
17558,209,21,11/2/2024,8
17559,250,2,11/1/2024,8
17560,180,9,2024/20/11,6
17561,191,17,11/15/2024,5
17562,129,5,11/10/2024,4
17563,134,6,20-11-2024,9
17564,86,18,11/27/2024,9
17565,52,23,11/28/2024,1
17566,237,2,28-11-2024,4
17567,74,15,11/20/2024,5
17568,77,11,11/26/2024,3
17569,262,,11/18/2024,1
17570,77,17,11/3/2024,9
17571,117,13,11/14/2024,6
17572,224,17,11/14/2024,8
17573,178,1,11/20/2024,2
17574,83,22,11/20/2024,2
17575,128,17,11/9/2024,3
17576,100,25,11/11/2024,
17577,241,15,11/20/2024,8
17578,6,5,11/27/2024,9
17579,145,8,2024/19/11,2
17580,284,7,11/17/2024,7
17581,107,6,11/21/2024,9
17582,227,18,11/15/2024,2
17583,186,16,11/10/2024,9
17584,127,19,5/11/2024,1
17585,25,4,11/21/2024,1
17586,159,13,11/8/2024,10
17587,230,20,11/15/2024,1
17588,215,1,11/9/2024,9
17589,272,14,11/25/2024,6
17590,291,19,9/11/2024,6
17591,236,15,11/28/2024,10
17592,120,7,11/18/2024,5
17593,231,6,11/27/2024,1
17594,227,1,11/24/2024,2
17595,210,11,11/15/2024,5
17596,260,3,11/21/2024,7
17597,177,13,11/9/2024,7
17598,277,3,11/16/2024,3
17599,157,12,11/10/2024,7
17600,193,20,11/21/2024,3
17601,252,23,11/13/2024,2
17602,63,20,11/16/2024,2
17603,213,1,11/7/2024,8
17604,89,21,11/5/2024,4
17605,249,2,11/14/2024,8
17606,103,17,11/15/2024,4
17607,57,21,11/1/2024,2
17608,219,24,11/19/2024,1
17609,63,10,11/7/2024,8
17610,253,14,11/21/2024,4
17611,33,9,11/16/2024,2
17612,24,25,11/24/2024,3
17613,107,25,11/7/2024,3
17614,216,12,2024/20/11,1
17615,21,14,11/13/2024,9
17616,56,20,4/11/2024,2
17617,6,22,11/28/2024,1
17618,31,2,11/8/2024,3
17619,195,20,11/9/2024,10
17620,181,9,11/19/2024,2
17621,146,18,11/14/2024,4
17622,174,22,4/11/2024,6
17623,25,15,22-11-2024,1
17624,41,17,11/27/2024,5
17625,79,3,11/8/2024,6
17626,127,5,11/17/2024,8
17627,40,18,11/9/2024,6
17628,31,21,11/20/2024,2
17629,235,17,11/12/2024,9
17630,216,9,11/16/2024,10
17631,229,5,11/8/2024,5
17632,216,16,11/10/2024,10
17633,270,13,11/4/2024,8
17634,162,15,11/14/2024,3
17635,114,24,11/15/2024,9
17636,160,20,19-11-2024,5
17637,269,12,11/11/2024,8
17638,139,17,11/17/2024,3
17639,272,23,11/5/2024,3
17640,75,23,11/11/2024,10
17641,273,4,11/26/2024,6
17642,276,8,11/11/2024,2
17643,247,17,11/3/2024,6
17644,297,23,10/11/2024,9
17645,62,3,11/21/2024,10
17646,29,1,5/11/2024,7
17647,65,9,11/2/2024,1
17648,165,14,11/12/2024,2
17649,147,4,11/10/2024,6
17650,270,19,11/19/2024,9
17651,138,12,11/1/2024,7
17652,149,10,11/7/2024,4
17653,200,14,13-11-2024,2
17654,70,18,11/11/2024,9
17655,224,7,11/26/2024,7
17656,214,11,11/13/2024,7
17657,6,17,11/22/2024,2
17658,7,16,11/21/2024,4
17659,158,11,11/5/2024,1
17660,165,17,11/7/2024,1
17661,207,18,11/12/2024,6
17662,21,9,11/8/2024,5
17663,94,20,11/15/2024,6
17664,172,16,11/12/2024,1
17665,61,18,11/21/2024,3
17666,210,17,11/9/2024,10
17667,88,,11/22/2024,1
17668,248,24,11/22/2024,7
17669,31,5,11/26/2024,8
17670,112,8,11/3/2024,4
17671,47,8,11/10/2024,8
17672,130,1,11/3/2024,3
17673,131,19,11/1/2024,1
17674,253,11,11/10/2024,3
17675,235,23,11/5/2024,4
17676,168,3,11/9/2024,3
17677,179,6,11/27/2024,2
17678,238,6,11/7/2024,2
17679,167,20,14-11-2024,5
17680,122,2,11/23/2024,1
17681,299,25,11/9/2024,10
17682,20,1,11/1/2024,8
17683,151,8,11/10/2024,4
17684,54,4,11/27/2024,8
17685,265,4,11/13/2024,6
17686,207,24,11/28/2024,4
17687,216,21,11/20/2024,2
17688,299,25,11/15/2024,8
17689,113,7,11/7/2024,8
17690,282,4,11/17/2024,7
17691,189,18,6/11/2024,6
17692,246,22,11/22/2024,6
17693,26,5,11/26/2024,10
17694,243,20,11/16/2024,6
17695,36,1,11/12/2024,10
17696,83,7,11/12/2024,10
17697,70,4,11/18/2024,7
17698,153,22,11/18/2024,1
17699,113,20,7/11/2024,7
17700,225,17,11/3/2024,8
17701,154,19,11/11/2024,10
17702,37,11,11/28/2024,6
17703,156,13,11/2/2024,9
17704,130,18,2024/25/11,2
17705,244,21,11/7/2024,9
17706,101,13,11/14/2024,6
17707,76,11,11/27/2024,2
17708,81,13,11/11/2024,9
17709,284,23,9/11/2024,10
17710,151,14,11/24/2024,6
17711,238,5,11/21/2024,6
17712,156,11,11/23/2024,10
17713,35,3,11/1/2024,5
17714,93,16,11/23/2024,2
17715,242,9,11/13/2024,2
17716,44,6,11/1/2024,7
17717,193,1,11/16/2024,8
17718,251,4,11/24/2024,8
17719,80,23,1/11/2024,6
17720,295,4,11/15/2024,4
17721,99,23,11/28/2024,3
17722,237,21,11/20/2024,1
17723,116,17,11/24/2024,8
17724,240,9,11/24/2024,8
17725,293,13,11/16/2024,8
17726,112,5,11/15/2024,1
17727,228,12,11/14/2024,9
17728,46,16,11/13/2024,2
17729,282,21,11/3/2024,5
17730,217,18,11/9/2024,1
17731,38,3,11/1/2024,1
17732,286,14,11/26/2024,3
17733,226,10,11/10/2024,4
17734,23,1,11/22/2024,6
17735,176,2,11/24/2024,7
17736,279,5,11/28/2024,8
17737,245,6,11/17/2024,10
17738,2,5,11/26/2024,5
17739,168,21,11/24/2024,3
17740,248,8,11/12/2024,8
17741,76,18,11/4/2024,4
17742,217,24,11/6/2024,10
17743,194,11,11/9/2024,6
17744,85,18,11/7/2024,6
17745,98,22,11/16/2024,5
17746,105,10,11/3/2024,10
17747,11,9,2024/21/11,1
17748,229,23,11/6/2024,10
17749,49,23,11/3/2024,2
17750,281,8,2024/24/11,7
17751,242,14,11/7/2024,6
17752,209,22,11/17/2024,10
17753,162,5,25-11-2024,7
17754,5,5,11/1/2024,1
17755,271,5,11/8/2024,10
17756,253,10,11/2/2024,10
17757,179,4,11/16/2024,3
17758,179,8,11/23/2024,5
17759,165,11,11/19/2024,10
17760,254,14,11/25/2024,5
17761,60,1,11/8/2024,4
17762,74,14,11/17/2024,7
17763,199,4,11/25/2024,2
17764,71,3,11/8/2024,8
17765,25,3,11/7/2024,2
17766,204,7,11/22/2024,9
17767,112,16,11/24/2024,3
17768,92,7,11/1/2024,2
17769,282,1,20-11-2024,2
17770,50,4,11/15/2024,4
17771,238,16,11/27/2024,3
17772,9,24,11/6/2024,5
17773,220,3,11/3/2024,6
17774,227,4,11/25/2024,9
17775,286,19,11/11/2024,2
17776,264,2,11/28/2024,3
17777,278,5,11/2/2024,1
17778,106,23,11/10/2024,3
17779,217,23,11/7/2024,6
17780,56,7,11/28/2024,3
17781,226,15,11/2/2024,9
17782,37,21,11/27/2024,7
17783,52,19,11/27/2024,4
17784,222,9,11/18/2024,10
17785,162,19,11/9/2024,8
17786,3,20,11/18/2024,3
17787,215,12,11/5/2024,5
17788,92,1,2024/23/11,3
17789,300,23,11/16/2024,1
17790,83,9,13-11-2024,4
17791,205,11,11/26/2024,10
17792,266,14,11/16/2024,8
17793,4,19,11/15/2024,7
17794,130,20,11/11/2024,7
17795,171,10,11/23/2024,7
17796,83,21,11/25/2024,4
17797,163,17,11/16/2024,7
17798,111,6,11/16/2024,8
17799,79,1,11/6/2024,5
17800,137,17,11/9/2024,8
17801,214,13,11/4/2024,5
17802,184,25,11/25/2024,5
17803,198,25,11/20/2024,9
17804,50,2,11/11/2024,7
17805,280,13,11/24/2024,4
17806,213,18,11/17/2024,8
17807,226,24,11/7/2024,4
17808,126,16,2024/20/11,8
17809,271,22,11/25/2024,5
17810,44,21,11/20/2024,6
17811,90,18,11/27/2024,6
17812,178,18,11/12/2024,8
17813,120,2,11/22/2024,8
17814,75,21,11/1/2024,8
17815,223,3,11/2/2024,1
17816,300,11,11/6/2024,5
17817,210,15,11/23/2024,7
17818,95,14,11/15/2024,6
17819,197,23,11/23/2024,3
17820,171,2,11/20/2024,3
17821,203,18,11/23/2024,8
17822,218,2,11/16/2024,5
17823,156,25,11/6/2024,2
17824,99,13,11/6/2024,2
17825,210,18,11/8/2024,4
17826,251,18,11/10/2024,5
17827,160,18,11/22/2024,9
17828,1,12,11/24/2024,9
17829,240,24,16-11-2024,7
17830,152,25,11/12/2024,10
17831,14,17,11/18/2024,10
17832,279,23,11/17/2024,2
17833,123,20,11/4/2024,8
17834,278,5,11/19/2024,8
17835,251,5,11/20/2024,4
17836,114,16,11/10/2024,7
17837,97,12,11/7/2024,3
17838,224,17,11/16/2024,5
17839,262,7,11/16/2024,3
17840,90,16,11/20/2024,4
17841,104,12,11/20/2024,7
17842,293,12,11/25/2024,2
17843,214,25,11/27/2024,2
17844,52,7,11/23/2024,10
17845,51,14,11/6/2024,1
17846,233,12,2024/17/11,1
17847,260,16,2024/15/11,5
17848,258,2,11/9/2024,5
17849,103,3,11/2/2024,10
17850,58,20,11/10/2024,2
17851,61,9,11/3/2024,8
17852,137,11,11/22/2024,8
17853,240,7,11/11/2024,7
17854,84,25,11/25/2024,4
17855,207,14,12/11/2024,7
17856,146,22,11/23/2024,7
17857,170,13,11/13/2024,7
17858,159,10,11/12/2024,5
17859,189,8,11/20/2024,7
17860,270,24,11/25/2024,6
17861,190,6,11/18/2024,1
17862,268,24,11/4/2024,9
17863,283,2,11/8/2024,9
17864,146,2,11/21/2024,9
17865,272,24,11/6/2024,8
17866,126,2,11/18/2024,4
17867,231,24,11/12/2024,7
17868,255,18,11/18/2024,5
17869,292,10,11/24/2024,6
17870,57,24,11/20/2024,2
17871,113,11,2/11/2024,1
17872,209,17,11/19/2024,7
17873,228,8,11/26/2024,2
17874,34,9,11/16/2024,1
17875,82,13,11/26/2024,8
17876,191,11,11/12/2024,1
17877,44,24,11/24/2024,1
17878,129,13,11/21/2024,1
17879,7,1,11/9/2024,2
17880,187,12,11/2/2024,1
17881,131,7,11/20/2024,3
17882,118,15,1/11/2024,6
17883,167,13,11/16/2024,8
17884,49,6,11/9/2024,6
17885,27,5,11/27/2024,2
17886,131,24,11/2/2024,4
17887,276,17,11/20/2024,4
17888,172,7,11/28/2024,8
17889,281,16,26-11-2024,7
17890,143,22,11/8/2024,1
17891,201,23,11/1/2024,7
17892,83,5,11/16/2024,
17893,239,12,11/3/2024,2
17894,187,9,2024/14/11,3
17895,287,2,11/28/2024,5
17896,95,1,11/4/2024,2
17897,114,8,11/22/2024,2
17898,62,17,11/27/2024,10
17899,35,25,11/12/2024,1
17900,79,3,11/28/2024,6
17901,95,20,11/14/2024,1
17902,128,14,11/20/2024,2
17903,79,21,2024/26/11,10
17904,152,5,2024/25/11,1
17905,235,19,11/19/2024,5
17906,59,22,11/13/2024,8
17907,174,12,11/5/2024,9
17908,263,11,11/9/2024,10
17909,176,8,11/7/2024,1
17910,53,16,11/27/2024,7
17911,171,8,2024/21/11,1
17912,280,18,2024/19/11,1
17913,50,16,11/12/2024,2
17914,227,15,11/23/2024,9
17915,21,13,11/14/2024,1
17916,207,3,10/11/2024,8
17917,89,21,11/25/2024,10
17918,115,5,11/8/2024,3
17919,278,15,11/25/2024,7
17920,15,3,11/19/2024,6
17921,162,25,11/22/2024,10
17922,226,10,11/9/2024,7
17923,221,24,11/19/2024,2
17924,185,2,11/12/2024,8
17925,81,25,11/12/2024,2
17926,239,20,11/27/2024,5
17927,141,1,11/24/2024,9
17928,286,22,11/28/2024,1
17929,294,5,11/21/2024,1
17930,292,16,11/9/2024,6
17931,207,12,11/5/2024,3
17932,25,20,11/13/2024,7
17933,275,18,11/21/2024,2
17934,209,12,11/7/2024,4
17935,201,14,11/27/2024,
17936,167,5,11/6/2024,10
17937,254,22,11/27/2024,2
17938,231,4,11/12/2024,6
17939,29,12,11/9/2024,1
17940,238,1,11/2/2024,8
17941,90,6,11/10/2024,9
17942,69,20,11/1/2024,5
17943,200,20,11/23/2024,9
17944,254,3,11/6/2024,9
17945,241,12,11/16/2024,4
17946,139,24,2024/24/11,9
17947,220,20,11/20/2024,2
17948,293,20,11/3/2024,4
17949,244,18,11/6/2024,9
17950,157,14,11/26/2024,5
17951,199,3,11/21/2024,10
17952,251,11,2024/16/11,10
17953,285,18,11/7/2024,7
17954,223,14,25-11-2024,7
17955,197,2,11/20/2024,6
17956,89,20,11/7/2024,3
17957,228,19,11/14/2024,7
17958,182,23,11/8/2024,7
17959,16,2,11/16/2024,8
17960,269,22,11/20/2024,3
17961,195,12,11/22/2024,10
17962,122,7,2024/27/11,6
17963,212,19,11/22/2024,10
17964,247,20,11/7/2024,8
17965,143,16,11/24/2024,6
17966,201,12,11/6/2024,8
17967,178,13,11/1/2024,8
17968,207,5,2024/16/11,9
17969,284,12,11/18/2024,3
17970,188,14,11/2/2024,2
17971,68,11,11/28/2024,10
17972,160,6,11/20/2024,1
17973,216,15,11/23/2024,4
17974,127,19,11/27/2024,1
17975,81,25,11/15/2024,9
17976,88,18,11/3/2024,4
17977,223,6,11/16/2024,10
17978,275,22,11/12/2024,4
17979,98,21,11/13/2024,4
17980,278,12,11/1/2024,5
17981,248,19,11/25/2024,5
17982,94,2,11/7/2024,5
17983,168,2,11/6/2024,1
17984,52,5,11/20/2024,1
17985,27,2,11/22/2024,6
17986,17,6,11/10/2024,3
17987,85,16,11/28/2024,3
17988,201,8,11/6/2024,4
17989,141,18,11/5/2024,10
17990,283,1,11/25/2024,6
17991,35,21,11/16/2024,6
17992,281,25,11/24/2024,6
17993,57,22,8/11/2024,8
17994,79,2,11/15/2024,7
17995,79,23,11/7/2024,3
17996,27,15,11/26/2024,7
17997,182,11,3/11/2024,
17998,65,21,11/13/2024,5
17999,65,13,11/3/2024,3
18000,205,9,11/16/2024,7
18001,266,9,11/21/2024,6
18002,262,5,11/21/2024,10
18003,173,2,11/23/2024,1
18004,112,2,11/22/2024,7
18005,220,14,11/19/2024,5
18006,28,21,11/25/2024,3
18007,120,24,11/9/2024,3
18008,73,25,11/22/2024,6
18009,123,11,11/13/2024,
18010,151,11,11/5/2024,4
18011,207,20,11/4/2024,8
18012,42,12,11/7/2024,10
18013,182,21,2024/20/11,1
18014,136,5,11/25/2024,6
18015,187,18,11/3/2024,10
18016,253,5,11/23/2024,7
18017,27,3,11/25/2024,8
18018,22,12,11/12/2024,1
18019,15,1,11/5/2024,4
18020,282,14,11/24/2024,
18021,241,5,11/13/2024,2
18022,41,16,11/28/2024,1
18023,123,21,11/7/2024,10
18024,171,16,11/15/2024,9
18025,103,19,11/20/2024,10
18026,240,19,11/23/2024,1
18027,86,14,11/19/2024,7
18028,286,,11/15/2024,10
18029,131,24,11/7/2024,9
18030,186,5,11/3/2024,4
18031,21,14,8/11/2024,6
18032,123,16,11/18/2024,6
18033,300,8,11/11/2024,8
18034,136,21,11/13/2024,2
18035,259,21,11/14/2024,4
18036,215,13,11/8/2024,7
18037,65,21,11/18/2024,5
18038,118,3,11/22/2024,3
18039,130,19,11/8/2024,7
18040,112,18,11/19/2024,5
18041,248,11,11/21/2024,4
18042,151,11,11/10/2024,10
18043,93,8,11/11/2024,5
18044,127,4,11/8/2024,5
18045,216,5,11/14/2024,10
18046,276,20,11/13/2024,8
18047,276,17,11/21/2024,2
18048,227,10,9/11/2024,1
18049,104,2,11/1/2024,4
18050,15,8,2024/20/11,3
18051,279,20,11/4/2024,10
18052,120,16,6/11/2024,7
18053,227,11,11/6/2024,1
18054,50,23,11/7/2024,7
18055,237,2,11/25/2024,9
18056,116,3,11/6/2024,4
18057,23,6,11/18/2024,7
18058,283,12,11/26/2024,7
18059,113,3,11/12/2024,9
18060,144,17,11/15/2024,3
18061,136,21,11/28/2024,10
18062,239,11,11/12/2024,8
18063,34,3,11/5/2024,10
18064,295,18,11/23/2024,1
18065,2,24,7/11/2024,2
18066,152,21,11/15/2024,2
18067,62,6,11/12/2024,4
18068,105,10,11/13/2024,6
18069,243,22,11/20/2024,8
18070,103,4,12/11/2024,4
18071,242,21,11/21/2024,10
18072,64,7,11/18/2024,8
18073,272,12,11/5/2024,7
18074,30,21,11/21/2024,2
18075,238,8,11/28/2024,7
18076,290,22,11/18/2024,7
18077,278,6,11/26/2024,1
18078,110,14,2024/21/11,3
18079,2,22,8/11/2024,2
18080,209,11,11/16/2024,2
18081,125,22,11/9/2024,8
18082,33,4,11/2/2024,2
18083,118,13,11/14/2024,2
18084,229,14,11/6/2024,2
18085,176,22,11/20/2024,10
18086,188,9,11/27/2024,6
18087,95,9,11/21/2024,8
18088,171,11,11/20/2024,9
18089,256,13,11/12/2024,4
18090,16,3,11/23/2024,10
18091,182,12,11/10/2024,8
18092,66,24,11/20/2024,6
18093,147,11,11/17/2024,7
18094,238,12,11/3/2024,4
18095,160,9,11/2/2024,1
18096,58,7,11/17/2024,6
18097,200,14,11/4/2024,4
18098,14,18,11/11/2024,10
18099,93,20,11/27/2024,6
18100,266,1,11/13/2024,1
18101,129,,11/18/2024,7
18102,27,21,11/8/2024,1
18103,286,22,11/19/2024,4
18104,295,6,11/25/2024,10
18105,249,24,11/25/2024,6
18106,139,6,11/2/2024,9
18107,248,13,11/13/2024,5
18108,126,19,11/18/2024,4
18109,111,15,11/21/2024,8
18110,236,5,11/13/2024,6
18111,3,11,11/13/2024,2
18112,44,5,11/12/2024,10
18113,250,6,11/8/2024,10
18114,257,4,11/13/2024,6
18115,248,25,11/23/2024,7
18116,71,10,11/28/2024,10
18117,157,9,11/13/2024,8
18118,183,6,11/22/2024,9
18119,65,9,11/6/2024,4
18120,275,3,11/6/2024,6
18121,154,3,11/16/2024,8
18122,205,24,11/9/2024,1
18123,190,11,11/15/2024,4
18124,239,15,11/3/2024,
18125,293,4,11/5/2024,6
18126,131,9,2024/23/11,6
18127,154,17,11/16/2024,4
18128,244,23,11/5/2024,6
18129,275,20,11/12/2024,2
18130,95,19,11/11/2024,3
18131,220,15,11/19/2024,1
18132,46,11,11/28/2024,1
18133,285,11,11/21/2024,10
18134,194,22,23-11-2024,6
18135,135,21,11/6/2024,3
18136,94,2,11/24/2024,2
18137,194,2,9/11/2024,5
18138,197,17,11/22/2024,1
18139,40,1,11/19/2024,7
18140,20,3,11/22/2024,10
18141,276,2,11/22/2024,6
18142,197,21,11/1/2024,9
18143,103,7,11/25/2024,5
18144,82,10,11/13/2024,1
18145,110,16,11/21/2024,7
18146,119,9,11/20/2024,5
18147,281,15,11/12/2024,8
18148,145,18,11/26/2024,8
18149,218,10,11/15/2024,5
18150,159,10,11/7/2024,8
18151,298,1,2024/13/11,9
18152,289,13,11/20/2024,9
18153,136,16,11/20/2024,7
18154,123,6,11/4/2024,1
18155,261,12,11/14/2024,1
18156,130,20,11/23/2024,3
18157,289,,11/18/2024,8
18158,116,15,11/23/2024,9
18159,17,4,11/8/2024,
18160,49,14,26-11-2024,5
18161,77,16,12/11/2024,5
18162,205,20,11/20/2024,6
18163,215,13,11/6/2024,10
18164,44,5,11/8/2024,8
18165,187,5,11/15/2024,2
18166,140,23,11/1/2024,6
18167,243,10,11/4/2024,5
18168,176,23,11/19/2024,5
18169,36,5,11/21/2024,1
18170,204,9,2024/25/11,8
18171,171,1,11/24/2024,5
18172,82,24,11/18/2024,
18173,298,22,11/5/2024,1
18174,253,17,11/16/2024,3
18175,176,25,11/25/2024,6
18176,233,19,11/25/2024,5
18177,274,5,11/22/2024,6
18178,259,25,11/15/2024,7
18179,217,12,17-11-2024,4
18180,144,3,11/15/2024,10
18181,254,3,11/23/2024,9
18182,252,4,11/23/2024,4
18183,148,15,11/16/2024,8
18184,237,20,11/11/2024,7
18185,189,23,11/19/2024,9
18186,47,19,11/13/2024,2
18187,273,14,11/24/2024,1
18188,60,9,11/19/2024,4
18189,62,11,11/10/2024,7
18190,146,3,2024/21/11,1
18191,238,24,11/9/2024,7
18192,15,6,11/21/2024,8
18193,80,23,11/24/2024,6
18194,125,10,11/23/2024,10
18195,166,3,11/3/2024,9
18196,214,17,11/5/2024,1
18197,222,14,11/17/2024,5
18198,291,5,11/22/2024,5
18199,25,1,11/4/2024,2
18200,14,2,11/20/2024,8
18201,184,15,11/4/2024,9
18202,44,14,5/11/2024,9
18203,89,4,11/17/2024,5
18204,274,8,11/25/2024,8
18205,123,11,11/24/2024,4
18206,38,3,11/8/2024,1
18207,126,9,11/17/2024,3
18208,31,6,11/11/2024,4
18209,212,18,11/22/2024,7
18210,172,23,11/21/2024,6
18211,159,17,11/19/2024,10
18212,218,17,11/26/2024,9
18213,51,22,27-11-2024,5
18214,210,24,11/5/2024,8
18215,240,7,11/27/2024,7
18216,198,11,12/11/2024,2
18217,215,18,11/22/2024,5
18218,147,6,11/16/2024,2
18219,55,17,11/13/2024,4
18220,217,17,11/4/2024,4
18221,6,14,11/7/2024,9
18222,98,15,11/7/2024,5
18223,131,13,11/5/2024,7
18224,255,9,11/6/2024,2
18225,108,20,11/24/2024,
18226,49,1,11/28/2024,10
18227,1,20,11/27/2024,5
18228,185,8,11/9/2024,8
18229,84,12,11/10/2024,4
18230,253,24,11/22/2024,4
18231,254,9,11/25/2024,4
18232,32,24,11/16/2024,8
18233,287,18,11/4/2024,2
18234,236,8,11/11/2024,7
18235,174,23,11/26/2024,10
18236,260,12,11/12/2024,3
18237,132,19,11/25/2024,3
18238,110,2,11/17/2024,5
18239,18,10,11/16/2024,9
18240,246,21,11/2/2024,9
18241,209,12,11/15/2024,5
18242,230,14,11/25/2024,2
18243,107,11,11/23/2024,1
18244,138,22,11/3/2024,9
18245,160,9,11/26/2024,5
18246,210,12,11/2/2024,9
18247,39,7,11/14/2024,5
18248,211,14,11/24/2024,6
18249,189,23,11/27/2024,2
18250,234,12,11/9/2024,10
18251,66,14,11/28/2024,1
18252,216,6,11/12/2024,4
18253,131,13,11/4/2024,3
18254,6,25,11/25/2024,2
18255,209,9,11/3/2024,10
18256,79,12,11/13/2024,
18257,147,24,11/11/2024,3
18258,182,3,11/22/2024,4
18259,108,5,11/28/2024,10
18260,285,21,11/5/2024,7
18261,26,19,5/11/2024,7
18262,139,24,11/21/2024,10
18263,254,15,22-11-2024,5
18264,213,4,11/17/2024,4
18265,127,6,11/12/2024,7
18266,157,20,11/22/2024,10
18267,179,8,11/3/2024,8
18268,278,13,11/10/2024,4
18269,193,12,11/13/2024,9
18270,152,19,11/15/2024,7
18271,184,11,11/27/2024,9
18272,109,6,11/8/2024,5
18273,283,12,11/22/2024,4
18274,203,25,2024/14/11,4
18275,225,13,11/6/2024,7
18276,275,13,11/2/2024,7
18277,154,25,11/6/2024,8
18278,270,4,11/14/2024,2
18279,223,7,11/28/2024,10
18280,25,9,11/19/2024,4
18281,55,4,11/26/2024,1
18282,261,9,11/15/2024,9
18283,96,25,11/18/2024,10
18284,284,13,11/23/2024,2
18285,150,13,11/7/2024,4
18286,175,17,2024/13/11,9
18287,292,21,11/23/2024,10
18288,228,25,11/16/2024,5
18289,125,8,11/25/2024,4
18290,5,3,11/28/2024,1
18291,38,9,11/16/2024,2
18292,107,18,11/3/2024,5
18293,113,11,11/3/2024,10
18294,210,7,11/12/2024,10
18295,154,24,11/7/2024,1
18296,233,2,11/5/2024,1
18297,226,2,11/18/2024,8
18298,100,8,11/15/2024,5
18299,158,24,11/1/2024,8
18300,214,24,5/11/2024,9
18301,226,8,11/9/2024,1
18302,276,1,11/15/2024,4
18303,95,15,27-11-2024,5
18304,27,7,11/14/2024,3
18305,29,2,11/7/2024,3
18306,58,14,11/11/2024,5
18307,97,14,11/17/2024,1
18308,199,23,2024/22/11,4
18309,37,12,11/28/2024,1
18310,190,1,11/3/2024,6
18311,198,1,11/26/2024,9
18312,244,8,11/25/2024,1
18313,83,5,11/12/2024,6
18314,285,10,11/11/2024,1
18315,27,10,11/3/2024,8
18316,12,8,11/4/2024,7
18317,123,2,11/19/2024,6
18318,108,12,11/14/2024,7
18319,172,19,11/11/2024,2
18320,118,7,11/28/2024,8
18321,240,11,11/3/2024,2
18322,53,8,11/17/2024,10
18323,141,25,6/11/2024,9
18324,15,18,11/25/2024,5
18325,268,5,11/2/2024,6
18326,264,9,1/11/2024,5
